timestamp_s,config_index,generation,status,perf_ms,compile_time_s,config
0.34,1,0,started,,0.08,"Config(atomic_indexing=[], block_sizes=[32, 32], indexing=['pointer', 'pointer', 'pointer'], l2_groupings=[1], load_eviction_policies=['', ''], loop_orders=[[0, 1]], num_stages=1, num_warps=4, pid_type='flat', range_flattens=[None], range_multi_buffers=[None], range_num_stages=[0], range_unroll_factors=[0], range_warp_specializes=[])"
5.10,2,0,ok,0.409600,0.08,"Config(atomic_indexing=[], block_sizes=[32, 32], indexing=['pointer', 'pointer', 'pointer'], l2_groupings=[1], load_eviction_policies=['', ''], loop_orders=[[0, 1]], num_stages=1, num_warps=4, pid_type='flat', range_flattens=[None], range_multi_buffers=[None], range_num_stages=[0], range_unroll_factors=[0], range_warp_specializes=[])"
5.94,3,1,started,,0.08,"Config(atomic_indexing=[], block_sizes=[64, 32], indexing=['pointer', 'pointer', 'pointer'], l2_groupings=[1], load_eviction_policies=['', 'first'], loop_orders=[[0, 1]], num_stages=1, num_warps=16, pid_type='flat', range_flattens=[None], range_multi_buffers=[None], range_num_stages=[0], range_unroll_factors=[0], range_warp_specializes=[])"
6.01,4,1,ok,0.418816,0.08,"Config(atomic_indexing=[], block_sizes=[64, 32], indexing=['pointer', 'pointer', 'pointer'], l2_groupings=[1], load_eviction_policies=['', 'first'], loop_orders=[[0, 1]], num_stages=1, num_warps=16, pid_type='flat', range_flattens=[None], range_multi_buffers=[None], range_num_stages=[0], range_unroll_factors=[0], range_warp_specializes=[])"
6.01,5,1,started,,0.09,"Config(atomic_indexing=[], block_sizes=[128, 32], indexing=['block_ptr', 'pointer', 'pointer'], l2_groupings=[1], load_eviction_policies=['', ''], loop_orders=[[0, 1]], num_stages=1, num_warps=16, pid_type='flat', range_flattens=[None], range_multi_buffers=[None], range_num_stages=[0], range_unroll_factors=[0], range_warp_specializes=[])"
6.07,6,1,ok,0.410592,0.09,"Config(atomic_indexing=[], block_sizes=[128, 32], indexing=['block_ptr', 'pointer', 'pointer'], l2_groupings=[1], load_eviction_policies=['', ''], loop_orders=[[0, 1]], num_stages=1, num_warps=16, pid_type='flat', range_flattens=[None], range_multi_buffers=[None], range_num_stages=[0], range_unroll_factors=[0], range_warp_specializes=[])"
6.07,7,1,started,,0.62,"Config(atomic_indexing=[], block_sizes=[64, 128], indexing=['pointer', 'pointer', 'pointer'], l2_groupings=[2], load_eviction_policies=['', ''], loop_orders=[[0, 1]], num_stages=1, num_warps=1, pid_type='flat', range_flattens=[None], range_multi_buffers=[None], range_num_stages=[0], range_unroll_factors=[0], range_warp_specializes=[])"
6.14,8,1,ok,0.313344,0.62,"Config(atomic_indexing=[], block_sizes=[64, 128], indexing=['pointer', 'pointer', 'pointer'], l2_groupings=[2], load_eviction_policies=['', ''], loop_orders=[[0, 1]], num_stages=1, num_warps=1, pid_type='flat', range_flattens=[None], range_multi_buffers=[None], range_num_stages=[0], range_unroll_factors=[0], range_warp_specializes=[])"
6.14,9,1,started,,0.09,"Config(atomic_indexing=[], block_sizes=[64, 32], indexing=['pointer', 'pointer', 'pointer'], l2_groupings=[1], load_eviction_policies=['', ''], loop_orders=[[1, 0]], num_sm_multiplier=1, num_stages=1, num_warps=16, pid_type='persistent_interleaved', range_flattens=[None], range_multi_buffers=[None], range_num_stages=[0], range_unroll_factors=[0], range_warp_specializes=[])"
6.35,10,1,ok,0.351232,0.09,"Config(atomic_indexing=[], block_sizes=[64, 32], indexing=['pointer', 'pointer', 'pointer'], l2_groupings=[1], load_eviction_policies=['', ''], loop_orders=[[1, 0]], num_sm_multiplier=1, num_stages=1, num_warps=16, pid_type='persistent_interleaved', range_flattens=[None], range_multi_buffers=[None], range_num_stages=[0], range_unroll_factors=[0], range_warp_specializes=[])"
6.35,11,1,started,,0.18,"Config(atomic_indexing=[], block_sizes=[32, 64], indexing=['pointer', 'block_ptr', 'pointer'], l2_groupings=[1], load_eviction_policies=['', ''], loop_orders=[[0, 1]], num_stages=1, num_warps=1, pid_type='flat', range_flattens=[None], range_multi_buffers=[None], range_num_stages=[0], range_unroll_factors=[0], range_warp_specializes=[])"
6.41,12,1,ok,0.347136,0.18,"Config(atomic_indexing=[], block_sizes=[32, 64], indexing=['pointer', 'block_ptr', 'pointer'], l2_groupings=[1], load_eviction_policies=['', ''], loop_orders=[[0, 1]], num_stages=1, num_warps=1, pid_type='flat', range_flattens=[None], range_multi_buffers=[None], range_num_stages=[0], range_unroll_factors=[0], range_warp_specializes=[])"
6.41,13,1,started,,0.17,"Config(atomic_indexing=[], block_sizes=[32, 128], indexing=['block_ptr', 'pointer', 'pointer'], l2_groupings=[1], load_eviction_policies=['', ''], loop_orders=[[0, 1]], num_stages=1, num_warps=2, pid_type='flat', range_flattens=[None], range_multi_buffers=[None], range_num_stages=[0], range_unroll_factors=[0], range_warp_specializes=[])"
6.48,14,1,ok,0.324608,0.17,"Config(atomic_indexing=[], block_sizes=[32, 128], indexing=['block_ptr', 'pointer', 'pointer'], l2_groupings=[1], load_eviction_policies=['', ''], loop_orders=[[0, 1]], num_stages=1, num_warps=2, pid_type='flat', range_flattens=[None], range_multi_buffers=[None], range_num_stages=[0], range_unroll_factors=[0], range_warp_specializes=[])"
6.48,15,1,started,,0.16,"Config(atomic_indexing=[], block_sizes=[128, 32], indexing=['pointer', 'pointer', 'pointer'], l2_groupings=[1], load_eviction_policies=['', ''], loop_orders=[[1, 0]], num_stages=1, num_warps=2, pid_type='flat', range_flattens=[None], range_multi_buffers=[None], range_num_stages=[0], range_unroll_factors=[0], range_warp_specializes=[])"
6.54,16,1,ok,0.364544,0.16,"Config(atomic_indexing=[], block_sizes=[128, 32], indexing=['pointer', 'pointer', 'pointer'], l2_groupings=[1], load_eviction_policies=['', ''], loop_orders=[[1, 0]], num_stages=1, num_warps=2, pid_type='flat', range_flattens=[None], range_multi_buffers=[None], range_num_stages=[0], range_unroll_factors=[0], range_warp_specializes=[])"
6.54,17,1,started,,0.28,"Config(atomic_indexing=[], block_sizes=[128, 32], indexing=['pointer', 'pointer', 'pointer'], l2_groupings=[1], load_eviction_policies=['', ''], loop_orders=[[1, 0]], num_stages=1, num_warps=1, pid_type='flat', range_flattens=[None], range_multi_buffers=[None], range_num_stages=[0], range_unroll_factors=[0], range_warp_specializes=[])"
6.61,18,1,ok,0.352256,0.28,"Config(atomic_indexing=[], block_sizes=[128, 32], indexing=['pointer', 'pointer', 'pointer'], l2_groupings=[1], load_eviction_policies=['', ''], loop_orders=[[1, 0]], num_stages=1, num_warps=1, pid_type='flat', range_flattens=[None], range_multi_buffers=[None], range_num_stages=[0], range_unroll_factors=[0], range_warp_specializes=[])"
6.61,19,1,started,,0.16,"Config(atomic_indexing=[], block_sizes=[64, 32], indexing=['pointer', 'pointer', 'pointer'], l2_groupings=[1], load_eviction_policies=['', ''], loop_orders=[[0, 1]], num_stages=2, num_warps=1, pid_type='flat', range_flattens=[None], range_multi_buffers=[None], range_num_stages=[0], range_unroll_factors=[0], range_warp_specializes=[])"
6.67,20,1,ok,0.401408,0.16,"Config(atomic_indexing=[], block_sizes=[64, 32], indexing=['pointer', 'pointer', 'pointer'], l2_groupings=[1], load_eviction_policies=['', ''], loop_orders=[[0, 1]], num_stages=2, num_warps=1, pid_type='flat', range_flattens=[None], range_multi_buffers=[None], range_num_stages=[0], range_unroll_factors=[0], range_warp_specializes=[])"
11.21,21,2,started,,0.64,"Config(atomic_indexing=[], block_sizes=[64, 512], indexing=['pointer', 'pointer', 'pointer'], l2_groupings=[2], load_eviction_policies=['', ''], loop_orders=[[0, 1]], num_stages=1, num_warps=4, pid_type='flat', range_flattens=[None], range_multi_buffers=[None], range_num_stages=[0], range_unroll_factors=[0], range_warp_specializes=[])"
11.28,22,2,ok,0.311296,0.64,"Config(atomic_indexing=[], block_sizes=[64, 512], indexing=['pointer', 'pointer', 'pointer'], l2_groupings=[2], load_eviction_policies=['', ''], loop_orders=[[0, 1]], num_stages=1, num_warps=4, pid_type='flat', range_flattens=[None], range_multi_buffers=[None], range_num_stages=[0], range_unroll_factors=[0], range_warp_specializes=[])"
11.28,23,2,started,,0.17,"Config(atomic_indexing=[], block_sizes=[64, 64], indexing=['pointer', 'pointer', 'pointer'], l2_groupings=[2], load_eviction_policies=['', ''], loop_orders=[[0, 1]], num_stages=1, num_warps=2, pid_type='flat', range_flattens=[None], range_multi_buffers=[None], range_num_stages=[0], range_unroll_factors=[0], range_warp_specializes=[])"
11.35,24,2,ok,0.326656,0.17,"Config(atomic_indexing=[], block_sizes=[64, 64], indexing=['pointer', 'pointer', 'pointer'], l2_groupings=[2], load_eviction_policies=['', ''], loop_orders=[[0, 1]], num_stages=1, num_warps=2, pid_type='flat', range_flattens=[None], range_multi_buffers=[None], range_num_stages=[0], range_unroll_factors=[0], range_warp_specializes=[])"
11.35,25,2,started,,4.14,"Config(atomic_indexing=[], block_sizes=[64, 512], indexing=['pointer', 'pointer', 'pointer'], l2_groupings=[2], load_eviction_policies=['', 'first'], loop_orders=[[0, 1]], num_stages=1, num_warps=2, pid_type='flat', range_flattens=[None], range_multi_buffers=[None], range_num_stages=[0], range_unroll_factors=[0], range_warp_specializes=[])"
11.44,26,2,ok,3.073024,4.14,"Config(atomic_indexing=[], block_sizes=[64, 512], indexing=['pointer', 'pointer', 'pointer'], l2_groupings=[2], load_eviction_policies=['', 'first'], loop_orders=[[0, 1]], num_stages=1, num_warps=2, pid_type='flat', range_flattens=[None], range_multi_buffers=[None], range_num_stages=[0], range_unroll_factors=[0], range_warp_specializes=[])"
11.44,27,2,started,,0.75,"Config(atomic_indexing=[], block_sizes=[128, 128], indexing=['pointer', 'pointer', 'block_ptr'], l2_groupings=[2], load_eviction_policies=['', ''], loop_orders=[[0, 1]], num_stages=1, num_warps=2, pid_type='flat', range_flattens=[None], range_multi_buffers=[None], range_num_stages=[0], range_unroll_factors=[0], range_warp_specializes=[])"
11.50,28,2,ok,0.312320,0.75,"Config(atomic_indexing=[], block_sizes=[128, 128], indexing=['pointer', 'pointer', 'block_ptr'], l2_groupings=[2], load_eviction_policies=['', ''], loop_orders=[[0, 1]], num_stages=1, num_warps=2, pid_type='flat', range_flattens=[None], range_multi_buffers=[None], range_num_stages=[0], range_unroll_factors=[0], range_warp_specializes=[])"
11.50,29,2,started,,0.63,"Config(atomic_indexing=[], block_sizes=[64, 256], indexing=['pointer', 'pointer', 'pointer'], l2_groupings=[2], load_eviction_policies=['', ''], loop_orders=[[0, 1]], num_stages=1, num_warps=2, pid_type='flat', range_flattens=[None], range_multi_buffers=[None], range_num_stages=[0], range_unroll_factors=[0], range_warp_specializes=[])"
11.57,30,2,ok,0.311808,0.63,"Config(atomic_indexing=[], block_sizes=[64, 256], indexing=['pointer', 'pointer', 'pointer'], l2_groupings=[2], load_eviction_policies=['', ''], loop_orders=[[0, 1]], num_stages=1, num_warps=2, pid_type='flat', range_flattens=[None], range_multi_buffers=[None], range_num_stages=[0], range_unroll_factors=[0], range_warp_specializes=[])"
11.57,31,2,started,,3.82,"Config(atomic_indexing=[], block_sizes=[64, 512], indexing=['pointer', 'pointer', 'pointer'], l2_groupings=[2], load_eviction_policies=['', ''], loop_orders=[[0, 1]], num_stages=1, num_warps=2, pid_type='flat', range_flattens=[None], range_multi_buffers=[None], range_num_stages=[0], range_unroll_factors=[0], range_warp_specializes=[])"
11.65,32,2,ok,3.080192,3.82,"Config(atomic_indexing=[], block_sizes=[64, 512], indexing=['pointer', 'pointer', 'pointer'], l2_groupings=[2], load_eviction_policies=['', ''], loop_orders=[[0, 1]], num_stages=1, num_warps=2, pid_type='flat', range_flattens=[None], range_multi_buffers=[None], range_num_stages=[0], range_unroll_factors=[0], range_warp_specializes=[])"
11.65,33,2,started,,3.78,"Config(atomic_indexing=[], block_sizes=[64, 512], indexing=['pointer', 'pointer', 'pointer'], l2_groupings=[4], load_eviction_policies=['', ''], loop_orders=[[0, 1]], num_stages=1, num_warps=2, pid_type='flat', range_flattens=[None], range_multi_buffers=[None], range_num_stages=[0], range_unroll_factors=[0], range_warp_specializes=[])"
11.74,34,2,ok,3.079168,3.78,"Config(atomic_indexing=[], block_sizes=[64, 512], indexing=['pointer', 'pointer', 'pointer'], l2_groupings=[4], load_eviction_policies=['', ''], loop_orders=[[0, 1]], num_stages=1, num_warps=2, pid_type='flat', range_flattens=[None], range_multi_buffers=[None], range_num_stages=[0], range_unroll_factors=[0], range_warp_specializes=[])"
11.74,35,2,started,,0.17,"Config(atomic_indexing=[], block_sizes=[64, 64], indexing=['pointer', 'pointer', 'pointer'], l2_groupings=[2], load_eviction_policies=['', ''], loop_orders=[[1, 0]], num_stages=1, num_warps=2, pid_type='flat', range_flattens=[None], range_multi_buffers=[None], range_num_stages=[0], range_unroll_factors=[0], range_warp_specializes=[])"
11.81,36,2,ok,0.342016,0.17,"Config(atomic_indexing=[], block_sizes=[64, 64], indexing=['pointer', 'pointer', 'pointer'], l2_groupings=[2], load_eviction_policies=['', ''], loop_orders=[[1, 0]], num_stages=1, num_warps=2, pid_type='flat', range_flattens=[None], range_multi_buffers=[None], range_num_stages=[0], range_unroll_factors=[0], range_warp_specializes=[])"
35.35,37,3,started,,0.65,"Config(atomic_indexing=[], block_sizes=[64, 256], indexing=['pointer', 'pointer', 'pointer'], l2_groupings=[2], load_eviction_policies=['last', ''], loop_orders=[[0, 1]], num_stages=1, num_warps=2, pid_type='flat', range_flattens=[None], range_multi_buffers=[None], range_num_stages=[0], range_unroll_factors=[0], range_warp_specializes=[])"
35.41,38,3,ok,0.313344,0.65,"Config(atomic_indexing=[], block_sizes=[64, 256], indexing=['pointer', 'pointer', 'pointer'], l2_groupings=[2], load_eviction_policies=['last', ''], loop_orders=[[0, 1]], num_stages=1, num_warps=2, pid_type='flat', range_flattens=[None], range_multi_buffers=[None], range_num_stages=[0], range_unroll_factors=[0], range_warp_specializes=[])"
35.41,39,3,started,,0.65,"Config(atomic_indexing=[], block_sizes=[64, 1024], indexing=['pointer', 'pointer', 'pointer'], l2_groupings=[2], load_eviction_policies=['first', ''], loop_orders=[[0, 1]], num_stages=1, num_warps=8, pid_type='flat', range_flattens=[None], range_multi_buffers=[None], range_num_stages=[0], range_unroll_factors=[0], range_warp_specializes=[])"
35.48,40,3,ok,0.314384,0.65,"Config(atomic_indexing=[], block_sizes=[64, 1024], indexing=['pointer', 'pointer', 'pointer'], l2_groupings=[2], load_eviction_policies=['first', ''], loop_orders=[[0, 1]], num_stages=1, num_warps=8, pid_type='flat', range_flattens=[None], range_multi_buffers=[None], range_num_stages=[0], range_unroll_factors=[0], range_warp_specializes=[])"
35.48,41,3,started,,0.30,"Config(atomic_indexing=[], block_sizes=[64, 256], indexing=['pointer', 'pointer', 'pointer'], l2_groupings=[2], load_eviction_policies=['first', ''], loop_orders=[[0, 1]], num_stages=1, num_warps=4, pid_type='flat', range_flattens=[None], range_multi_buffers=[None], range_num_stages=[0], range_unroll_factors=[0], range_warp_specializes=[])"
35.55,42,3,ok,0.313344,0.30,"Config(atomic_indexing=[], block_sizes=[64, 256], indexing=['pointer', 'pointer', 'pointer'], l2_groupings=[2], load_eviction_policies=['first', ''], loop_orders=[[0, 1]], num_stages=1, num_warps=4, pid_type='flat', range_flattens=[None], range_multi_buffers=[None], range_num_stages=[0], range_unroll_factors=[0], range_warp_specializes=[])"
35.55,43,3,started,,3.80,"Config(atomic_indexing=[], block_sizes=[64, 1024], indexing=['pointer', 'pointer', 'pointer'], l2_groupings=[2], load_eviction_policies=['', ''], loop_orders=[[0, 1]], num_stages=1, num_warps=4, pid_type='flat', range_flattens=[None], range_multi_buffers=[None], range_num_stages=[0], range_unroll_factors=[0], range_warp_specializes=[])"
35.64,44,3,ok,3.605728,3.80,"Config(atomic_indexing=[], block_sizes=[64, 1024], indexing=['pointer', 'pointer', 'pointer'], l2_groupings=[2], load_eviction_policies=['', ''], loop_orders=[[0, 1]], num_stages=1, num_warps=4, pid_type='flat', range_flattens=[None], range_multi_buffers=[None], range_num_stages=[0], range_unroll_factors=[0], range_warp_specializes=[])"
35.64,45,3,started,,0.86,"Config(atomic_indexing=[], block_sizes=[64, 1024], indexing=['pointer', 'block_ptr', 'pointer'], l2_groupings=[2], load_eviction_policies=['', ''], loop_orders=[[0, 1]], num_stages=1, num_warps=8, pid_type='flat', range_flattens=[None], range_multi_buffers=[None], range_num_stages=[0], range_unroll_factors=[0], range_warp_specializes=[])"
35.71,46,3,ok,0.610304,0.86,"Config(atomic_indexing=[], block_sizes=[64, 1024], indexing=['pointer', 'block_ptr', 'pointer'], l2_groupings=[2], load_eviction_policies=['', ''], loop_orders=[[0, 1]], num_stages=1, num_warps=8, pid_type='flat', range_flattens=[None], range_multi_buffers=[None], range_num_stages=[0], range_unroll_factors=[0], range_warp_specializes=[])"
35.71,47,3,started,,22.97,"Config(atomic_indexing=[], block_sizes=[256, 256], indexing=['pointer', 'pointer', 'pointer'], l2_groupings=[2], load_eviction_policies=['last', ''], loop_orders=[[0, 1]], num_stages=1, num_warps=2, pid_type='flat', range_flattens=[None], range_multi_buffers=[None], range_num_stages=[0], range_unroll_factors=[0], range_warp_specializes=[])"
35.80,48,3,ok,3.005440,22.97,"Config(atomic_indexing=[], block_sizes=[256, 256], indexing=['pointer', 'pointer', 'pointer'], l2_groupings=[2], load_eviction_policies=['last', ''], loop_orders=[[0, 1]], num_stages=1, num_warps=2, pid_type='flat', range_flattens=[None], range_multi_buffers=[None], range_num_stages=[0], range_unroll_factors=[0], range_warp_specializes=[])"
35.80,49,3,started,,3.95,"Config(atomic_indexing=[], block_sizes=[64, 1024], indexing=['pointer', 'pointer', 'pointer'], l2_groupings=[2], load_eviction_policies=['last', ''], loop_orders=[[0, 1]], num_stages=1, num_warps=4, pid_type='flat', range_flattens=[None], range_multi_buffers=[None], range_num_stages=[0], range_unroll_factors=[0], range_warp_specializes=[])"
35.89,50,3,ok,3.647488,3.95,"Config(atomic_indexing=[], block_sizes=[64, 1024], indexing=['pointer', 'pointer', 'pointer'], l2_groupings=[2], load_eviction_policies=['last', ''], loop_orders=[[0, 1]], num_stages=1, num_warps=4, pid_type='flat', range_flattens=[None], range_multi_buffers=[None], range_num_stages=[0], range_unroll_factors=[0], range_warp_specializes=[])"
35.89,51,3,started,,0.64,"Config(atomic_indexing=[], block_sizes=[64, 1024], indexing=['pointer', 'pointer', 'pointer'], l2_groupings=[2], load_eviction_policies=['', ''], loop_orders=[[0, 1]], num_stages=1, num_warps=8, pid_type='flat', range_flattens=[None], range_multi_buffers=[None], range_num_stages=[0], range_unroll_factors=[0], range_warp_specializes=[])"
35.95,52,3,ok,0.313344,0.64,"Config(atomic_indexing=[], block_sizes=[64, 1024], indexing=['pointer', 'pointer', 'pointer'], l2_groupings=[2], load_eviction_policies=['', ''], loop_orders=[[0, 1]], num_stages=1, num_warps=8, pid_type='flat', range_flattens=[None], range_multi_buffers=[None], range_num_stages=[0], range_unroll_factors=[0], range_warp_specializes=[])"
35.95,53,3,started,,0.34,"Config(atomic_indexing=[], block_sizes=[64, 256], indexing=['block_ptr', 'pointer', 'pointer'], l2_groupings=[2], load_eviction_policies=['last', ''], loop_orders=[[0, 1]], num_stages=1, num_warps=4, pid_type='flat', range_flattens=[None], range_multi_buffers=[None], range_num_stages=[0], range_unroll_factors=[0], range_warp_specializes=[])"
36.02,54,3,ok,0.317440,0.34,"Config(atomic_indexing=[], block_sizes=[64, 256], indexing=['block_ptr', 'pointer', 'pointer'], l2_groupings=[2], load_eviction_policies=['last', ''], loop_orders=[[0, 1]], num_stages=1, num_warps=4, pid_type='flat', range_flattens=[None], range_multi_buffers=[None], range_num_stages=[0], range_unroll_factors=[0], range_warp_specializes=[])"
36.02,55,3,started,,21.05,"Config(atomic_indexing=[], block_sizes=[64, 2048], indexing=['pointer', 'pointer', 'pointer'], l2_groupings=[2], load_eviction_policies=['last', ''], loop_orders=[[0, 1]], num_stages=1, num_warps=4, pid_type='flat', range_flattens=[None], range_multi_buffers=[None], range_num_stages=[0], range_unroll_factors=[0], range_warp_specializes=[])"
36.12,56,3,ok,4.552704,21.05,"Config(atomic_indexing=[], block_sizes=[64, 2048], indexing=['pointer', 'pointer', 'pointer'], l2_groupings=[2], load_eviction_policies=['last', ''], loop_orders=[[0, 1]], num_stages=1, num_warps=4, pid_type='flat', range_flattens=[None], range_multi_buffers=[None], range_num_stages=[0], range_unroll_factors=[0], range_warp_specializes=[])"
36.12,57,3,started,,0.30,"Config(atomic_indexing=[], block_sizes=[64, 512], indexing=['pointer', 'pointer', 'pointer'], l2_groupings=[2], load_eviction_policies=['', ''], loop_orders=[[0, 1]], num_stages=1, num_warps=8, pid_type='flat', range_flattens=[None], range_multi_buffers=[None], range_num_stages=[0], range_unroll_factors=[0], range_warp_specializes=[])"
36.19,58,3,ok,0.311264,0.30,"Config(atomic_indexing=[], block_sizes=[64, 512], indexing=['pointer', 'pointer', 'pointer'], l2_groupings=[2], load_eviction_policies=['', ''], loop_orders=[[0, 1]], num_stages=1, num_warps=8, pid_type='flat', range_flattens=[None], range_multi_buffers=[None], range_num_stages=[0], range_unroll_factors=[0], range_warp_specializes=[])"
